timestamp,base_yaw.pos,base_pitch.pos,elbow_pitch.pos,wrist_roll.pos,wrist_pitch.pos
83688.122841446,31.23321123321122,-100.0,92.50146455770357,-46.800195407914025,99.91423670668954
83688.15627957,31.23321123321122,-100.0,92.50146455770357,-46.800195407914025,99.91423670668954
83688.189759805,31.23321123321122,-100.0,92.50146455770357,-46.800195407914025,99.91423670668954
83688.223169455,31.23321123321122,-100.0,92.50146455770357,-46.800195407914025,99.91423670668954
83688.256564496,31.23321123321122,-100.0,92.50146455770357,-46.800195407914025,99.91423670668954
83688.290031042,31.23321123321122,-100.0,92.50146455770357,-46.800195407914025,99.91423670668954
83688.323423395,31.23321123321122,-100.0,92.50146455770357,-46.800195407914025,99.91423670668954
83688.357013281,31.23321123321122,-100.0,92.50146455770357,-46.800195407914025,99.91423670668954
83688.390408409,31.23321123321122,-100.0,92.50146455770357,-46.800195407914025,99.91423670668954
83688.42381046,31.23321123321122,-100.0,92.50146455770357,-46.800195407914025,99.91423670668954
83688.457194571,31.23321123321122,-100.0,92.50146455770357,-46.800195407914025,99.91423670668954
83688.490585521,31.23321123321122,-100.0,92.50146455770357,-46.800195407914025,99.91423670668954
83688.524107054,31.23321123321122,-100.0,92.50146455770357,-46.800195407914025,99.91423670668954
83688.557498584,31.23321123321122,-100.0,92.50146455770357,-46.800195407914025,99.91423670668954
83688.59110145,31.23321123321122,-100.0,92.50146455770357,-46.800195407914025,99.91423670668954
83688.624503711,31.23321123321122,-100.0,92.50146455770357,-46.800195407914025,99.91423670668954
83688.657989589,31.23321123321122,-100.0,92.50146455770357,-46.800195407914025,99.91423670668954
83688.691396323,31.23321123321122,-100.0,92.50146455770357,-46.800195407914025,99.91423670668954
83688.724809086,31.23321123321122,-100.0,92.50146455770357,-46.800195407914025,99.91423670668954
83688.7581933,31.23321123321122,-100.0,92.50146455770357,-46.800195407914025,99.91423670668954
83688.791586468,31.23321123321122,-100.0,92.50146455770357,-46.800195407914025,99.91423670668954
83688.824975782,31.23321123321122,-100.0,92.50146455770357,-46.800195407914025,99.91423670668954
83688.858379463,31.23321123321122,-100.0,92.50146455770357,-46.800195407914025,99.91423670668954
83688.89177125,31.23321123321122,-100.0,92.50146455770357,-46.800195407914025,99.91423670668954
83688.925190466,31.23321123321122,-100.0,92.50146455770357,-46.800195407914025,99.91423670668954
83688.958585241,31.23321123321122,-100.0,92.50146455770357,-46.800195407914025,99.91423670668954
83688.992159255,31.23321123321122,-100.0,92.50146455770357,-46.800195407914025,99.91423670668954
83689.025710185,31.23321123321122,-100.0,92.50146455770357,-46.800195407914025,99.91423670668954
83689.059184142,31.23321123321122,-100.0,92.50146455770357,-46.800195407914025,99.91423670668954
83689.092738883,31.23321123321122,-100.0,92.50146455770357,-46.800195407914025,99.91423670668954
83689.126148319,31.23321123321122,-100.0,92.50146455770357,-46.800195407914025,99.91423670668954
83689.159550272,31.23321123321122,-100.0,92.50146455770357,-46.800195407914025,99.91423670668954
83689.193147126,31.23321123321122,-100.0,92.50146455770357,-46.800195407914025,99.91423670668954
83689.226552015,31.23321123321122,-100.0,92.50146455770357,-46.800195407914025,99.91423670668954
83689.260188097,31.23321123321122,-100.0,92.50146455770357,-46.800195407914025,99.91423670668954
83689.293579617,31.23321123321122,-100.0,92.50146455770357,-46.800195407914025,99.91423670668954
83689.327208728,31.23321123321122,-100.0,92.50146455770357,-46.800195407914025,100.0
83689.360743023,31.23321123321122,-100.0,92.50146455770357,-46.800195407914025,100.0
83689.394159538,31.23321123321122,-100.0,92.50146455770357,-46.800195407914025,100.0
83689.427559074,31.33089133089132,-100.0,92.50146455770357,-46.800195407914025,100.0
83689.461048217,31.33089133089132,-100.0,92.50146455770357,-46.751343429408884,100.0
83689.494440492,31.28205128205127,-100.0,92.50146455770357,-46.751343429408884,100.0
83689.527830935,31.28205128205127,-100.0,92.50146455770357,-46.751343429408884,100.0
83689.561245422,31.33089133089132,-100.0,92.50146455770357,-46.751343429408884,100.0
83689.594864025,31.28205128205127,-100.0,92.50146455770357,-46.751343429408884,100.0
83689.628256797,31.28205128205127,-100.0,92.38429994141771,-46.65363947239863,100.0
83689.661661653,31.28205128205127,-100.0,92.38429994141771,-46.50708353688324,99.82847341337907
83689.695104801,31.28205128205127,-100.0,92.38429994141771,-46.31167562286272,99.82847341337907
83689.728504195,31.28205128205127,-100.0,92.26713532513179,-46.31167562286272,99.74271012006861
83689.761908895,31.28205128205127,-100.0,92.03280609256004,-46.262823644357596,99.74271012006861
83689.795440761,31.28205128205127,-100.0,91.6813122437024,-46.21397166585247,99.74271012006861
83689.828833016,31.28205128205127,-100.0,91.32981839484475,-46.21397166585247,99.65694682675814
83689.862325667,31.28205128205127,-100.0,91.095489162273,-46.165119687347335,99.65694682675814
83689.895877327,31.33089133089132,-100.0,90.9783245459871,-46.165119687347335,99.65694682675814
83689.929280862,31.33089133089132,-99.87046632124353,90.9783245459871,-46.165119687347335,99.57118353344768
83689.962940848,31.33089133089132,-99.87046632124353,90.9783245459871,-46.11626770884221,99.57118353344768
83689.996340418,31.33089133089132,-99.87046632124353,90.86115992970122,-46.11626770884221,99.57118353344768
83690.029741182,31.33089133089132,-99.87046632124353,90.86115992970122,-46.11626770884221,99.57118353344768
83690.063112274,31.33089133089132,-99.87046632124353,90.74399531341535,-46.11626770884221,99.48542024013722
83690.096512076,31.33089133089132,-99.87046632124353,90.27533684827182,-46.11626770884221,99.48542024013722
83690.129901355,31.33089133089132,-99.87046632124353,89.22085530169886,-46.11626770884221,99.48542024013722
83690.163290864,31.33089133089132,-99.74093264248705,87.81487990626832,-46.11626770884221,99.48542024013722
83690.196690315,31.33089133089132,-99.48186528497409,86.17457527826596,-46.11626770884221,99.48542024013722
83690.230082349,31.33089133089132,-98.57512953367876,84.53427065026361,-46.11626770884221,99.48542024013722
83690.263565046,31.33089133089132,-97.27979274611398,82.89396602226128,-46.11626770884221,99.48542024013722
83690.297052387,31.33089133089132,-95.33678756476684,81.25366139425893,-46.11626770884221,99.48542024013722
83690.330442889,31.33089133089132,-93.26424870466322,79.37902753368482,-46.11626770884221,99.48542024013722
83690.363967465,31.33089133089132,-91.06217616580311,77.1528998242531,-46.11626770884221,99.48542024013722
83690.397359302,31.379731379731368,-88.73056994818653,74.57527826596368,-46.11626770884221,99.48542024013722
83690.430857097,31.379731379731368,-86.139896373057,71.99765670767428,-46.11626770884221,99.48542024013722
83690.464356644,31.428571428571416,-83.41968911917098,69.18570591681313,-46.11626770884221,99.48542024013722
83690.497848694,31.575091575091562,-80.31088082901555,66.1394258933802,-46.11626770884221,99.48542024013722
83690.531240614,31.62393162393161,-77.33160621761658,63.21031048623317,-46.11626770884221,99.48542024013722
83690.564760211,31.62393162393161,-74.22279792746113,60.63268892794375,-46.11626770884221,99.48542024013722
83690.598262716,31.67277167277166,-71.11398963730569,58.17223198594024,-46.165119687347335,99.48542024013722
83690.631766622,31.67277167277166,-68.13471502590673,55.71177504393674,-46.165119687347335,99.57118353344768
83690.665242092,31.72161172161171,-65.15544041450778,53.48564733450499,-46.165119687347335,99.57118353344768
83690.698751128,31.72161172161171,-62.56476683937824,51.49384885764499,-46.165119687347335,99.57118353344768
83690.732244151,31.72161172161171,-59.84455958549223,49.736379613356775,-46.165119687347335,99.57118353344768
83690.76572106,31.770451770451757,-57.25388601036269,48.21323960164031,-46.165119687347335,99.57118353344768
83690.799254655,31.770451770451757,-55.05181347150259,46.572934973637956,-46.165119687347335,99.57118353344768
83690.832807588,31.770451770451757,-52.979274611398964,44.93263034563563,-46.165119687347335,99.57118353344768
83690.866332219,31.770451770451757,-50.90673575129534,43.52665495020506,-46.165119687347335,99.57118353344768
83690.899851404,31.819291819291806,-48.70466321243523,42.35500878734621,-46.165119687347335,99.57118353344768
83690.933243637,31.819291819291806,-46.50259067357513,41.183362624487415,-46.165119687347335,99.57118353344768
83690.966648906,31.819291819291806,-44.17098445595855,40.128881077914485,-46.165119687347335,99.57118353344768
83691.000191822,31.819291819291806,-41.83937823834197,38.957234915055636,-46.165119687347335,99.57118353344768
83691.033788453,31.819291819291806,-39.37823834196891,37.785588752196844,-46.165119687347335,99.57118353344768
83691.067181424,31.819291819291806,-37.43523316062176,36.61394258933802,-46.165119687347335,99.57118353344768
83691.100685112,31.819291819291806,-35.49222797927462,35.09080257762156,-46.165119687347335,99.57118353344768
83691.134213914,31.819291819291806,-33.67875647668393,33.21616871704745,-46.165119687347335,99.57118353344768
83691.167859681,31.819291819291806,-31.86528497409327,31.341534856473345,-46.165119687347335,99.57118353344768
83691.201259491,31.819291819291806,-30.051813471502584,29.81839484475688,-46.165119687347335,99.57118353344768
83691.234811401,31.819291819291806,-27.979274611398964,28.412419449326308,-46.21397166585247,99.57118353344768
83691.268204088,31.819291819291806,-26.16580310880829,27.240773286467473,-46.21397166585247,99.65694682675814
83691.301846996,31.770451770451757,-24.48186528497409,26.5377855887522,-46.21397166585247,99.65694682675814
83691.335341802,31.770451770451757,-23.316062176165815,26.069127123608666,-46.21397166585247,99.65694682675814
83691.368930987,31.72161172161171,-22.538860103626945,25.834797891036914,-46.21397166585247,99.65694682675814
83691.402444677,31.72161172161171,-22.279792746113998,25.834797891036914,-46.21397166585247,99.65694682675814
83691.436058873,31.67277167277166,-22.279792746113998,25.834797891036914,-46.21397166585247,99.65694682675814
83691.469462472,31.62393162393161,-22.279792746113998,25.834797891036914,-46.21397166585247,99.65694682675814
83691.50294538,31.62393162393161,-22.279792746113998,25.834797891036914,-46.21397166585247,99.65694682675814
83691.536477044,31.62393162393161,-22.279792746113998,25.834797891036914,-46.21397166585247,99.65694682675814
83691.570073889,31.62393162393161,-22.279792746113998,25.834797891036914,-46.21397166585247,99.65694682675814
83691.603653345,31.62393162393161,-22.279792746113998,25.95196250732279,-46.21397166585247,99.74271012006861
83691.637168844,31.62393162393161,-22.279792746113998,25.95196250732279,-46.21397166585247,99.91423670668954
83691.670560604,31.62393162393161,-22.279792746113998,25.95196250732279,-46.21397166585247,100.0
83691.704132907,31.62393162393161,-22.279792746113998,26.069127123608666,-46.262823644357596,100.0
83691.73775007,31.62393162393161,-22.279792746113998,26.303456356180433,-46.55593551538837,100.0
83691.771155387,31.62393162393161,-22.279792746113998,26.186291739894557,-46.751343429408884,100.0
83691.804547057,31.62393162393161,-22.279792746113998,26.42062097246631,-46.800195407914025,100.0
83691.837993446,31.62393162393161,-22.40932642487047,26.889279437609844,-46.89789936492428,100.0
83691.871385185,31.62393162393161,-22.40932642487047,27.00644405389572,-46.995603321934546,100.0
83691.904867337,31.62393162393161,-22.40932642487047,27.00644405389572,-47.38641914997558,100.0
83691.938256542,31.62393162393161,-22.40932642487047,27.00644405389572,-48.021494870542256,100.0
83691.971722479,31.67277167277166,-22.40932642487047,27.00644405389572,-48.94968246213972,100.0
83692.005115722,31.67277167277166,-22.279792746113998,27.00644405389572,-50.02442598925256,100.0
83692.038594129,31.67277167277166,-22.279792746113998,27.00644405389572,-51.2457254518808,100.0
83692.071983834,31.67277167277166,-22.279792746113998,27.00644405389572,-52.41817293600391,100.0
83692.105451849,31.67277167277166,-22.279792746113998,27.00644405389572,-53.78602833414753,100.0
83692.138836077,31.67277167277166,-22.279792746113998,27.00644405389572,-55.20273571079628,100.0
83692.172227843,31.67277167277166,-22.279792746113998,27.123608670181596,-56.52173913043478,100.0
83692.205706935,31.67277167277166,-22.279792746113998,27.240773286467473,-57.84074255007327,100.0
83692.239225672,31.67277167277166,-22.15025906735751,27.240773286467473,-59.06204201270152,100.0
83692.272619597,31.67277167277166,-22.15025906735751,27.240773286467473,-60.08793356130923,100.0
83692.306120588,31.72161172161171,-22.15025906735751,27.240773286467473,-60.869565217391305,100.0
83692.339511229,31.72161172161171,-22.020725388601036,27.240773286467473,-61.3580850024426,100.0
83692.373052508,31.72161172161171,-22.020725388601036,27.357937902753363,-61.06497313141182,100.0
83692.40645655,31.72161172161171,-22.020725388601036,27.357937902753363,-60.967269174401565,100.0
83692.44002209,31.770451770451757,-22.020725388601036,27.357937902753363,-60.869565217391305,100.0
83692.473416646,31.819291819291806,-22.020725388601036,27.123608670181596,-60.72300928187592,100.0
83692.506897376,32.014652014652,-22.020725388601036,26.654950205038077,-60.38104543234001,99.91423670668954
83692.540303658,32.40537240537239,-22.020725388601036,26.42062097246631,-59.69711773326819,99.91423670668954
83692.573826445,32.991452991452974,-22.15025906735751,26.42062097246631,-58.62237420615535,99.91423670668954
83692.607346329,33.626373626373606,-22.797927461139906,26.42062097246631,-57.254518808011724,99.82847341337907
83692.640851546,34.16361416361414,-23.316062176165815,26.42062097246631,-55.74010747435271,99.82847341337907
83692.674246513,34.60317460317461,-23.704663212435236,26.42062097246631,-53.98143624816805,99.82847341337907
83692.707637905,34.7985347985348,-23.83419689119171,26.42062097246631,-52.12506106497313,99.74271012006861
83692.741122269,34.84737484737485,-24.093264248704656,26.303456356180433,-50.36638983878847,99.74271012006861
83692.774734926,34.84737484737485,-24.352331606217618,26.303456356180433,-48.558866634098685,99.74271012006861
83692.808369665,34.84737484737485,-24.48186528497409,26.186291739894557,-46.89789936492428,99.74271012006861
83692.841931723,34.84737484737485,-24.48186528497409,26.186291739894557,-45.38348803126526,99.74271012006861
83692.875393024,34.7985347985348,-24.611398963730565,26.186291739894557,-44.064484611626774,99.74271012006861
83692.908951709,34.7985347985348,-24.611398963730565,26.186291739894557,-42.89203712750367,100.0
83692.942343613,34.7985347985348,-24.611398963730565,26.069127123608666,-42.01270151441133,100.0
83692.975959724,34.7985347985348,-24.611398963730565,26.069127123608666,-41.42647777234978,100.0
83693.009365045,34.7985347985348,-24.611398963730565,26.069127123608666,-41.08451392281387,100.0
83693.042890896,34.749694749694754,-24.740932642487053,26.5377855887522,-41.03566194430874,100.0
83693.076322098,34.749694749694754,-24.740932642487053,26.889279437609844,-41.475329750854904,100.0
83693.109725461,34.749694749694754,-24.870466321243526,27.240773286467473,-41.57303370786517,100.0
83693.143270794,34.749694749694754,-24.870466321243526,27.47510251903924,-41.670737664875425,100.0
83693.176841917,34.749694749694754,-24.740932642487053,27.82659636789691,-41.71958964338056,100.0
83693.210349129,34.749694749694754,-24.740932642487053,28.64674868189806,-42.06155349291646,100.0
83693.243924636,34.749694749694754,-24.740932642487053,29.93555946104277,-42.59892525647289,100.0
83693.277342474,34.749694749694754,-24.611398963730565,31.458699472759236,-43.33170493404983,100.0
83693.310838406,34.65201465201466,-24.611398963730565,33.21616871704745,-44.259892525647295,100.0
83693.34439268,34.55433455433456,-24.611398963730565,34.97363796133567,-45.188080117244745,100.0
83693.377945386,34.50549450549451,-24.611398963730565,36.49677797305213,-46.165119687347335,100.0
83693.411366115,34.50549450549451,-24.611398963730565,38.13708260105449,-47.19101123595506,100.0
83693.444923749,34.50549450549451,-24.611398963730565,39.54305799648506,-48.36345872007817,100.0
83693.478577742,34.45665445665446,-24.611398963730565,40.83186877562977,-49.5847581827064,100.0
83693.512080119,34.45665445665446,-24.740932642487053,42.003514938488564,-50.90376160234489,100.0
83693.545672821,34.50549450549451,-24.740932642487053,42.70650263620385,-52.12506106497313,100.0
83693.579072528,34.50549450549451,-24.870466321243526,43.057996485061494,-53.49291646311676,100.0
83693.612478155,34.55433455433456,-24.870466321243526,43.057996485061494,-54.81191988275525,100.0
83693.64605879,34.65201465201466,-24.870466321243526,43.057996485061494,-56.08207132388861,100.0
83693.679656754,34.700854700854705,-24.870466321243526,42.70650263620385,-57.30337078651686,100.0
83693.713196706,34.700854700854705,-25.0,42.35500878734621,-58.3781143136297,100.0
83693.746597792,34.700854700854705,-25.0,42.237844171060345,-59.30630190522716,100.0
83693.780109732,34.700854700854705,-25.0,42.237844171060345,-59.94137762579385,100.0
83693.813501432,34.700854700854705,-25.259067357512947,42.237844171060345,-60.38104543234001,100.0
83693.846970552,34.700854700854705,-26.295336787564764,42.237844171060345,-60.42989741084514,100.0
83693.880454527,34.700854700854705,-28.3678756476684,42.58933801991799,-59.94137762579385,100.0
83693.913954225,34.700854700854705,-31.347150259067362,42.58933801991799,-59.94137762579385,100.0
83693.947357035,34.700854700854705,-34.71502590673575,42.35500878734621,-59.892525647288714,100.0
83693.980906511,34.749694749694754,-38.212435233160626,42.237844171060345,-59.84367366878359,100.0
83694.014317555,34.749694749694754,-41.32124352331606,42.237844171060345,-59.84367366878359,100.0
83694.047798927,34.7985347985348,-44.55958549222798,42.237844171060345,-59.794821690278454,100.0
83694.081175279,34.7985347985348,-47.538860103626945,42.237844171060345,-59.794821690278454,100.0
83694.11482249,34.7985347985348,-50.388601036269435,42.237844171060345,-59.74596971177333,99.91423670668954
83694.148189299,34.7985347985348,-53.23834196891192,42.237844171060345,-59.55056179775281,99.91423670668954
83694.181709878,34.7985347985348,-55.95854922279793,42.237844171060345,-59.110893991206645,99.82847341337907
83694.215119955,34.7985347985348,-58.67875647668394,42.237844171060345,-58.47581827063996,99.82847341337907
83694.248514844,34.7985347985348,-60.880829015544045,42.70650263620385,-57.74303859306302,99.82847341337907
83694.281983057,34.7985347985348,-62.43523316062176,43.292325717633275,-56.912554958475816,99.82847341337907
83694.315385789,34.7985347985348,-63.60103626943005,43.409490333919166,-56.13092330239375,99.82847341337907
83694.349016107,34.7985347985348,-64.50777202072538,43.52665495020506,-55.34929164631168,99.82847341337907
83694.38250231,34.749694749694754,-65.15544041450778,43.52665495020506,-54.714215925744995,99.82847341337907
83694.41608709,34.749694749694754,-65.67357512953367,43.52665495020506,-54.07914020517831,99.82847341337907
83694.449494638,34.749694749694754,-65.93264248704664,43.52665495020506,-53.54176844162188,99.82847341337907
83694.48303628,34.749694749694754,-66.45077720207254,43.52665495020506,-53.00439667806546,99.82847341337907
83694.516623216,34.749694749694754,-66.96891191709844,43.52665495020506,-52.41817293600391,99.82847341337907
83694.550200573,34.749694749694754,-67.48704663212436,43.292325717633275,-51.78309721543722,99.74271012006861
83694.583717822,34.749694749694754,-67.87564766839378,43.17516110134741,-51.05031753786029,99.74271012006861
83694.617122819,34.749694749694754,-68.00518134715026,43.17516110134741,-50.17098192476796,99.74271012006861
83694.650699843,34.749694749694754,-68.13471502590673,43.292325717633275,-49.0962383976551,99.65694682675814
83694.684150713,34.7985347985348,-68.13471502590673,43.292325717633275,-47.923790913531995,99.65694682675814
83694.717554983,34.7985347985348,-68.13471502590673,43.409490333919166,-46.65363947239863,99.65694682675814
83694.751130222,34.749694749694754,-68.13471502590673,43.409490333919166,-45.38348803126526,99.65694682675814
83694.784621617,34.60317460317461,-68.13471502590673,43.52665495020506,-44.259892525647295,99.74271012006861
83694.818159398,34.50549450549451,-68.13471502590673,43.52665495020506,-43.47826086956522,99.74271012006861
83694.851652476,34.45665445665446,-68.13471502590673,43.52665495020506,-43.282852955544705,99.74271012006861
83694.885183996,34.45665445665446,-68.13471502590673,43.292325717633275,-43.527112848070345,99.74271012006861
83694.918641424,34.40781440781441,-68.2642487046632,43.292325717633275,-43.67366878358574,99.74271012006861
83694.952067806,34.358974358974336,-68.2642487046632,43.292325717633275,-44.01563263312164,99.74271012006861
83694.985542174,34.358974358974336,-68.2642487046632,43.292325717633275,-44.504152418172936,99.74271012006861
83695.019045841,34.358974358974336,-68.2642487046632,43.292325717633275,-45.285784074255005,99.74271012006861
83695.052441332,34.358974358974336,-68.2642487046632,43.292325717633275,-46.31167562286272,99.74271012006861
83695.086062896,34.31013431013429,-68.2642487046632,43.292325717633275,-47.43527112848071,99.74271012006861
83695.11946802,34.31013431013429,-68.13471502590673,43.292325717633275,-48.80312652662433,99.82847341337907
83695.153014889,34.31013431013429,-68.13471502590673,43.292325717633275,-50.219833903273084,99.82847341337907
83695.186419204,34.31013431013429,-68.13471502590673,43.292325717633275,-51.68539325842696,99.82847341337907
83695.219912158,34.31013431013429,-68.13471502590673,43.292325717633275,-53.10210063507572,99.82847341337907
83695.253429678,34.31013431013429,-68.13471502590673,43.292325717633275,-54.56765999022961,99.91423670668954
83695.28689973,34.358974358974336,-68.13471502590673,43.409490333919166,-55.8866634098681,100.0
83695.320316657,34.358974358974336,-68.00518134715026,43.409490333919166,-57.156814851001464,100.0
83695.35378858,34.358974358974336,-67.87564766839378,43.409490333919166,-58.3781143136297,100.0
83695.387188661,34.40781440781441,-67.87564766839378,43.409490333919166,-59.45285784074255,100.0
83695.420598877,34.40781440781441,-67.87564766839378,43.52665495020506,-60.28334147532975,100.0
83695.454005575,34.40781440781441,-67.87564766839378,43.64381956649092,-60.82071323888618,100.0
83695.487409556,34.60317460317461,-67.74611398963731,43.76098418277681,-60.62530532486566,100.0
83695.520824132,34.749694749694754,-67.2279792746114,44.346807264206205,-60.42989741084514,100.0
83695.55422778,34.84737484737485,-66.96891191709844,44.81546572934974,-60.13678553981436,99.91423670668954
83695.587633418,34.84737484737485,-66.96891191709844,45.284124194493245,-59.45285784074255,99.74271012006861
83695.621006895,34.84737484737485,-66.83937823834196,45.284124194493245,-58.47581827063996,99.74271012006861
83695.654407385,34.84737484737485,-66.83937823834196,45.284124194493245,-57.10796287249634,99.74271012006861
83695.687822864,34.84737484737485,-66.83937823834196,45.401288810779135,-55.398143624816804,99.74271012006861
83695.721314558,34.84737484737485,-66.83937823834196,45.518453427065026,-53.49291646311676,99.74271012006861
83695.75478359,34.84737484737485,-66.70984455958549,45.518453427065026,-51.538837322911576,99.74271012006861
83695.788179206,34.84737484737485,-66.58031088082902,45.518453427065026,-49.5847581827064,99.74271012006861
83695.821568826,34.7985347985348,-66.58031088082902,45.518453427065026,-47.581827063996094,99.74271012006861
83695.85502626,34.7985347985348,-66.45077720207254,45.518453427065026,-45.823155837811434,99.74271012006861
83695.8884164,34.65201465201466,-66.45077720207254,45.518453427065026,-44.1133365901319,99.74271012006861
83695.921917214,34.60317460317461,-66.45077720207254,45.518453427065026,-42.59892525647289,99.74271012006861
83695.955310495,34.60317460317461,-66.45077720207254,45.518453427065026,-41.37762579384465,99.74271012006861
83695.988711489,34.55433455433456,-66.45077720207254,45.518453427065026,-40.35173424523693,99.74271012006861
83696.022108273,34.700854700854705,-66.45077720207254,45.518453427065026,-39.716658524670244,99.74271012006861
83696.055510622,34.55433455433456,-66.45077720207254,45.518453427065026,-39.81436248168051,99.82847341337907
83696.088903222,34.45665445665446,-66.58031088082902,45.401288810779135,-40.009770395701025,100.0
83696.122308256,34.45665445665446,-66.58031088082902,45.401288810779135,-40.3028822667318,100.0
83696.155702299,34.45665445665446,-66.70984455958549,45.518453427065026,-40.742550073277975,100.0
83696.189187336,34.40781440781441,-66.70984455958549,45.518453427065026,-41.475329750854904,100.0
83696.22264028,34.40781440781441,-66.58031088082902,46.10427650849442,-42.35466536394724,100.0
83696.256215366,34.40781440781441,-66.58031088082902,46.9244288224956,-43.47826086956522,100.0
83696.289610162,34.358974358974336,-66.58031088082902,47.510251903925024,-44.74841231069858,100.0
83696.323194607,34.358974358974336,-66.58031088082902,47.86174575278267,-46.11626770884221,100.0
83696.356598305,34.358974358974336,-66.58031088082902,48.09607498535442,-47.484123106985834,100.0
83696.390096892,34.358974358974336,-66.96891191709844,48.21323960164031,-49.04738641914997,100.0
83696.42349188,34.358974358974336,-67.2279792746114,48.33040421792617,-50.61064973131412,100.0
83696.457017052,34.358974358974336,-67.35751295336787,48.33040421792617,-52.27161700048852,100.0
83696.490426492,34.358974358974336,-67.35751295336787,48.33040421792617,-54.07914020517831,100.0
83696.52383151,34.358974358974336,-67.35751295336787,48.44756883421206,-55.74010747435271,100.0
83696.557212385,34.358974358974336,-67.35751295336787,48.44756883421206,-57.254518808011724,100.0
83696.590607313,34.358974358974336,-67.2279792746114,48.44756883421206,-58.57352222765022,100.0
83696.624113312,34.40781440781441,-67.2279792746114,48.564733450497954,-59.35515388373229,100.0
83696.657836242,34.40781440781441,-67.2279792746114,48.79906268306971,-59.35515388373229,100.0
83696.691241172,34.40781440781441,-67.2279792746114,49.15055653192735,-59.30630190522716,100.0
83696.724637016,34.45665445665446,-67.09844559585491,49.736379613356775,-59.15974596971177,99.82847341337907
83696.758230843,34.45665445665446,-67.09844559585491,50.08787346221442,-58.81778212017586,99.74271012006861
83696.791735198,34.50549450549451,-67.09844559585491,50.08787346221442,-58.036150464093794,99.74271012006861
83696.825278684,34.55433455433456,-67.09844559585491,49.97070884592853,-56.96140693698094,99.74271012006861
83696.858805368,34.65201465201466,-67.09844559585491,49.97070884592853,-55.593551538837325,99.74271012006861
83696.892222724,34.60317460317461,-67.09844559585491,49.97070884592853,-53.93258426966292,99.74271012006861
83696.925811926,34.50549450549451,-67.09844559585491,49.97070884592853,-52.02735710796287,99.74271012006861
83696.959417353,34.50549450549451,-66.96891191709844,49.97070884592853,-49.97557401074744,99.65694682675814
83696.99302217,34.50549450549451,-66.70984455958549,49.736379613356775,-47.82608695652174,99.65694682675814
83697.026427594,34.50549450549451,-66.58031088082902,49.38488576449913,-45.725451880801174,99.65694682675814
83697.060091317,34.50549450549451,-66.58031088082902,49.38488576449913,-43.67366878358574,99.65694682675814
83697.093492234,34.45665445665446,-66.58031088082902,49.26772114821324,-41.86614557889594,99.65694682675814
83697.127017831,34.45665445665446,-66.58031088082902,49.26772114821324,-40.15632633121642,99.65694682675814
83697.160545781,34.45665445665446,-66.58031088082902,49.26772114821324,-38.788470933072794,99.65694682675814
83697.193972757,34.45665445665446,-66.58031088082902,49.736379613356775,-37.66487542745482,99.65694682675814
83697.227379208,34.45665445665446,-66.58031088082902,49.97070884592853,-36.93209574987787,99.65694682675814
83697.261039396,34.45665445665446,-66.58031088082902,49.97070884592853,-36.44357596482658,99.65694682675814
83697.294431511,34.45665445665446,-66.58031088082902,49.97070884592853,-36.34587200781632,99.65694682675814
83697.327945846,34.45665445665446,-66.70984455958549,49.736379613356775,-36.88324377137274,99.65694682675814
83697.361430742,34.40781440781441,-66.83937823834196,49.736379613356775,-36.93209574987787,99.74271012006861
83697.395052726,34.358974358974336,-67.2279792746114,49.853544229642665,-37.07865168539326,99.82847341337907
83697.428674195,34.358974358974336,-67.2279792746114,49.97070884592853,-37.51831949193942,100.0
83697.462119881,34.358974358974336,-67.09844559585491,49.97070884592853,-38.34880312652662,100.0
83697.495520381,34.358974358974336,-66.96891191709844,49.97070884592853,-39.61895456765999,100.0
83697.529111477,34.358974358974336,-66.70984455958549,49.97070884592853,-41.18221787982414,100.0
83697.562519202,34.358974358974336,-66.58031088082902,49.97070884592853,-42.7943331704934,100.0
83697.596170308,34.358974358974336,-66.58031088082902,49.736379613356775,-44.65070835368833,100.0
83697.629782355,34.358974358974336,-66.58031088082902,49.736379613356775,-46.36052760136785,100.0
83697.663182237,34.358974358974336,-66.58031088082902,49.736379613356775,-47.97264289203713,100.0
83697.696577011,34.358974358974336,-66.70984455958549,49.736379613356775,-49.5847581827064,100.0
83697.730188862,34.358974358974336,-67.2279792746114,49.736379613356775,-51.001465559355154,100.0
83697.76358457,34.358974358974336,-67.35751295336787,49.736379613356775,-52.36932095749878,100.0
83697.79725245,34.358974358974336,-67.48704663212436,49.736379613356775,-53.639472398632144,100.0
83697.830780017,34.358974358974336,-67.61658031088083,49.736379613356775,-54.86077186126038,100.0
83697.864389841,34.358974358974336,-67.61658031088083,49.736379613356775,-55.93551538837323,100.0
83697.897926582,34.358974358974336,-67.61658031088083,49.736379613356775,-56.81485100146556,100.0
83697.931329383,34.40781440781441,-67.61658031088083,50.08787346221442,-56.912554958475816,100.0
83697.96473342,34.50549450549451,-67.48704663212436,50.32220269478617,-56.912554958475816,99.91423670668954
83697.998151164,34.700854700854705,-66.83937823834196,50.20503807850031,-56.7171470444553,99.91423670668954
83698.031547015,34.7985347985348,-66.58031088082902,50.20503807850031,-56.277479237909134,99.91423670668954
83698.065040081,34.84737484737485,-66.45077720207254,50.20503807850031,-55.44699560332194,99.82847341337907
83698.098439662,34.84737484737485,-66.32124352331607,50.20503807850031,-54.2256961406937,99.82847341337907
83698.131936696,34.84737484737485,-66.32124352331607,50.20503807850031,-52.71128480703469,99.74271012006861
83698.165327992,34.7985347985348,-66.32124352331607,50.20503807850031,-51.05031753786029,99.74271012006861
83698.198811448,34.7985347985348,-66.32124352331607,50.08787346221442,-49.29164631167562,99.74271012006861
83698.232301171,34.7985347985348,-66.32124352331607,50.08787346221442,-47.581827063996094,99.65694682675814
83698.265806734,34.7985347985348,-66.32124352331607,50.08787346221442,-45.87200781631656,99.65694682675814
83698.299275643,34.65201465201466,-66.32124352331607,49.97070884592853,-44.259892525647295,99.65694682675814
83698.332766385,34.60317460317461,-66.32124352331607,49.50205038078502,-42.84318514899853,99.65694682675814
83698.366298667,34.60317460317461,-66.32124352331607,49.50205038078502,-41.524181729360045,99.65694682675814
83698.399818579,34.60317460317461,-66.32124352331607,49.50205038078502,-40.40058622374206,99.65694682675814
83698.433333825,34.60317460317461,-66.32124352331607,49.26772114821324,-39.4723986321446,99.65694682675814
83698.466819215,34.55433455433456,-66.32124352331607,49.26772114821324,-38.73961895456765,99.65694682675814
83698.500212124,34.50549450549451,-66.32124352331607,49.736379613356775,-38.251099169516365,99.65694682675814
83698.533726299,34.50549450549451,-66.32124352331607,50.08787346221442,-37.957987298485584,99.65694682675814
83698.567074508,34.50549450549451,-66.32124352331607,50.20503807850031,-37.86028334147533,99.74271012006861
83698.600554902,34.50549450549451,-66.32124352331607,50.20503807850031,-37.86028334147533,99.74271012006861
83698.634215186,34.50549450549451,-66.45077720207254,50.20503807850031,-37.86028334147533,99.82847341337907
83698.667695464,34.50549450549451,-66.45077720207254,50.20503807850031,-37.90913531998046,100.0
83698.701209323,34.50549450549451,-66.58031088082902,50.32220269478617,-37.90913531998046,100.0
83698.734674737,34.50549450549451,-66.83937823834196,50.32220269478617,-37.957987298485584,100.0
83698.768144599,34.50549450549451,-66.96891191709844,50.32220269478617,-38.006839276990725,100.0
83698.801547667,34.65201465201466,-67.09844559585491,50.32220269478617,-37.90913531998046,100.0
83698.835029635,34.700854700854705,-67.2279792746114,50.32220269478617,-37.90913531998046,100.0
83698.868437463,34.700854700854705,-67.2279792746114,50.32220269478617,-37.90913531998046,100.0
83698.902098304,34.700854700854705,-67.35751295336787,50.32220269478617,-37.90913531998046,100.0
83698.935504639,34.700854700854705,-67.35751295336787,50.32220269478617,-38.10454323400098,100.0
83698.96903784,34.749694749694754,-67.35751295336787,50.32220269478617,-38.34880312652662,100.0
83699.002443294,34.749694749694754,-67.35751295336787,50.43936731107206,-38.39765510503176,100.0
83699.036011387,34.749694749694754,-67.35751295336787,50.43936731107206,-38.39765510503176,100.0
83699.069402979,34.749694749694754,-67.35751295336787,50.32220269478617,-38.39765510503176,100.0
83699.1028811,34.749694749694754,-67.48704663212436,50.32220269478617,-38.39765510503176,100.0
83699.136282581,34.749694749694754,-67.48704663212436,50.32220269478617,-38.39765510503176,100.0
83699.169775078,34.749694749694754,-67.61658031088083,50.32220269478617,-38.39765510503176,100.0
83699.203266564,34.749694749694754,-67.61658031088083,50.32220269478617,-38.39765510503176,100.0
83699.236640184,34.749694749694754,-67.61658031088083,50.32220269478617,-38.39765510503176,100.0
83699.270014617,34.749694749694754,-67.61658031088083,50.32220269478617,-38.446507083536886,100.0
83699.303447012,34.749694749694754,-67.61658031088083,50.43936731107206,-38.49535906204201,100.0
83699.336848336,34.749694749694754,-67.61658031088083,50.908025776215595,-38.49535906204201,100.0
83699.370264117,34.749694749694754,-67.48704663212436,51.9625073227885,-38.446507083536886,100.0
83699.403741313,34.7985347985348,-67.48704663212436,53.48564733450499,-38.446507083536886,100.0
83699.437251832,34.7985347985348,-67.48704663212436,55.47744581136499,-38.49535906204201,100.0
83699.470653027,34.7985347985348,-67.74611398963731,57.93790275336846,-38.49535906204201,100.0
83699.504071421,34.749694749694754,-67.87564766839378,61.10134739308728,-38.49535906204201,100.0
83699.537474738,34.749694749694754,-68.00518134715026,64.73345049794963,-38.49535906204201,100.0
83699.571040226,34.749694749694754,-68.00518134715026,68.83421206795549,-38.446507083536886,100.0
83699.604442914,34.749694749694754,-68.00518134715026,72.81780902167546,-38.39765510503176,100.0
83699.637999641,34.749694749694754,-68.00518134715026,76.80140597539543,-38.05569125549585,100.0
83699.671394546,34.749694749694754,-68.13471502590673,80.78500292911542,-37.86028334147533,100.0
83699.704992549,34.60317460317461,-68.13471502590673,84.0656121851201,-37.811431362970204,100.0
83699.738399706,34.45665445665446,-68.2642487046632,86.17457527826596,-37.811431362970204,100.0
83699.772214803,34.45665445665446,-68.2642487046632,87.58055067369654,-37.76257938446507,100.0
83699.805814303,34.45665445665446,-68.39378238341969,87.58055067369654,-37.76257938446507,100.0
83699.839206504,34.45665445665446,-68.39378238341969,86.87756297598125,-37.811431362970204,100.0
83699.872759084,34.40781440781441,-68.52331606217616,85.70591681312243,-37.811431362970204,100.0
83699.906160153,34.40781440781441,-68.52331606217616,83.83128295254835,-38.153395212506105,100.0
83699.939567066,34.40781440781441,-68.52331606217616,81.48799062683071,-38.251099169516365,100.0
83699.973223396,34.40781440781441,-68.52331606217616,78.44171060339778,-38.34880312652662,100.0
83700.006797883,34.40781440781441,-68.52331606217616,74.57527826596368,-38.446507083536886,100.0
83700.040193341,34.40781440781441,-68.52331606217616,70.47451669595782,-38.54421104054714,100.0
83700.073600191,34.40781440781441,-68.39378238341969,66.02226127709432,-38.73961895456765,100.0
83700.107097323,34.358974358974336,-68.39378238341969,61.687170474516705,-39.13043478260869,99.91423670668954
83700.140608255,34.358974358974336,-68.2642487046632,57.8207381370826,-39.765510503175385,99.82847341337907
83700.174222671,34.358974358974336,-68.2642487046632,53.48564733450499,-40.49829018075231,99.74271012006861
83700.207669507,34.358974358974336,-68.13471502590673,49.50205038078502,-41.475329750854904,99.74271012006861
83700.241097486,34.358974358974336,-68.13471502590673,45.75278265963678,-42.452369320957494,99.74271012006861
83700.27449757,34.358974358974336,-68.00518134715026,42.237844171060345,-43.77137274059599,99.74271012006861
83700.308111147,34.358974358974336,-68.00518134715026,39.42589338019917,-45.188080117244745,99.74271012006861
83700.341644446,34.358974358974336,-68.00518134715026,37.08260105448156,-46.751343429408884,99.74271012006861
83700.375237142,34.358974358974336,-68.13471502590673,35.676625659050956,-48.36345872007817,99.74271012006861
83700.40863963,34.358974358974336,-68.13471502590673,34.739308728763916,-50.02442598925256,99.74271012006861
83700.442237662,34.358974358974336,-68.2642487046632,34.15348564733452,-51.68539325842696,99.91423670668954
83700.475630202,34.358974358974336,-68.2642487046632,34.03632103104863,-53.395212506106496,99.82847341337907
83700.509132411,34.358974358974336,-68.2642487046632,33.80199179847685,-54.95847581827064,99.82847341337907
83700.542608087,34.358974358974336,-68.2642487046632,33.68482718219096,-56.472887151929655,99.91423670668954
83700.576161932,34.40781440781441,-68.2642487046632,33.91915641476274,-57.791890571568146,99.91423670668954
83700.609781931,34.65201465201466,-68.2642487046632,34.50497949619216,-58.57352222765022,99.91423670668954
83700.643185753,34.749694749694754,-68.2642487046632,34.622144112478026,-58.62237420615535,99.91423670668954
83700.676581204,34.749694749694754,-68.2642487046632,34.739308728763916,-58.57352222765022,99.91423670668954
83700.710190509,34.7985347985348,-68.13471502590673,34.739308728763916,-58.3781143136297,99.82847341337907
83700.743585305,34.7985347985348,-68.00518134715026,34.739308728763916,-58.036150464093794,99.82847341337907
83700.777179296,34.84737484737485,-68.00518134715026,34.739308728763916,-57.49877870053737,99.82847341337907
83700.810833839,34.84737484737485,-67.87564766839378,34.85647334504981,-56.7171470444553,99.82847341337907
83700.844239873,34.8962148962149,-67.74611398963731,34.97363796133567,-55.69125549584758,99.82847341337907
83700.877823807,34.8962148962149,-67.61658031088083,35.09080257762156,-54.42110405471421,99.82847341337907
83700.911483881,34.8962148962149,-66.96891191709844,35.09080257762156,-52.9066927210552,99.82847341337907
83700.945015689,34.94505494505495,-66.58031088082902,35.32513181019331,-51.34342940889106,99.82847341337907
83700.978530953,34.94505494505495,-66.45077720207254,35.91095489162274,-49.63361016121153,99.74271012006861
83701.01194969,34.94505494505495,-66.32124352331607,36.61394258933802,-47.923790913531995,99.74271012006861
83701.04535548,34.94505494505495,-66.32124352331607,37.19976567076745,-46.21397166585247,99.74271012006861
83701.078861628,34.94505494505495,-66.32124352331607,38.13708260105449,-44.55300439667806,99.65694682675814
83701.112264158,34.94505494505495,-66.32124352331607,39.07439953134153,-43.03859306301905,99.65694682675814
83701.145740418,34.94505494505495,-66.32124352331607,40.011716461628595,-41.71958964338056,99.65694682675814
83701.179146487,34.8962148962149,-66.32124352331607,40.949033391915634,-40.547142159257454,99.65694682675814
83701.212539045,34.84737484737485,-66.32124352331607,41.65202108963092,-39.716658524670244,99.65694682675814
83701.246129516,34.65201465201466,-66.83937823834196,42.003514938488564,-39.66780654616512,99.65694682675814
83701.279738434,34.45665445665446,-67.35751295336787,42.003514938488564,-39.9609184171959,99.65694682675814
83701.313147157,34.358974358974336,-67.87564766839378,42.237844171060345,-40.3028822667318,99.65694682675814
83701.346553784,34.358974358974336,-68.00518134715026,42.58933801991799,-40.93795798729849,99.91423670668954
83701.380144767,34.358974358974336,-68.00518134715026,42.94083186877563,-41.86614557889594,100.0
83701.413553088,34.358974358974336,-68.13471502590673,43.17516110134741,-43.087445041524184,100.0
83701.447113512,34.358974358974336,-68.13471502590673,43.17516110134741,-44.55300439667806,99.91423670668954
83701.480508114,34.358974358974336,-68.13471502590673,42.94083186877563,-45.969711773326814,99.91423670668954
83701.514095581,34.358974358974336,-68.13471502590673,42.4721734036321,-47.43527112848071,100.0
83701.547498039,34.358974358974336,-68.13471502590673,42.237844171060345,-48.998534440644846,100.0
83701.581114122,34.358974358974336,-68.13471502590673,42.237844171060345,-50.51294577430386,100.0
83701.614592807,34.358974358974336,-68.13471502590673,42.82366725248974,-51.83194919394236,100.0
83701.648152607,34.358974358974336,-68.13471502590673,43.292325717633275,-52.857840742550074,100.0
83701.68154412,34.50549450549451,-68.13471502590673,43.52665495020506,-53.54176844162188,100.0
83701.715145305,34.700854700854705,-68.00518134715026,43.52665495020506,-53.78602833414753,100.0
83701.748558392,34.700854700854705,-67.87564766839378,43.64381956649092,-53.78602833414753,100.0
83701.782015252,34.700854700854705,-67.87564766839378,43.64381956649092,-53.68832437713728,100.0
83701.815411137,34.700854700854705,-67.87564766839378,43.64381956649092,-53.59062042012702,100.0
83701.848802547,34.700854700854705,-67.87564766839378,43.64381956649092,-53.54176844162188,100.0
83701.882207089,34.700854700854705,-67.87564766839378,43.64381956649092,-53.54176844162188,100.0
83701.915648603,34.749694749694754,-67.87564766839378,43.64381956649092,-53.59062042012702,100.0
83701.949223714,34.749694749694754,-67.87564766839378,43.64381956649092,-53.83488031265266,100.0
83701.982829193,34.749694749694754,-67.74611398963731,43.64381956649092,-53.83488031265266,100.0
83702.016220133,34.749694749694754,-67.74611398963731,43.64381956649092,-53.83488031265266,100.0
83702.049706678,34.749694749694754,-67.74611398963731,43.64381956649092,-53.83488031265266,100.0
83702.083082958,34.749694749694754,-67.74611398963731,43.64381956649092,-53.83488031265266,100.0
83702.116475406,34.749694749694754,-67.61658031088083,43.64381956649092,-53.83488031265266,100.0
83702.150030845,34.749694749694754,-67.61658031088083,43.64381956649092,-53.737176355642404,100.0
83702.183434595,34.749694749694754,-67.61658031088083,43.64381956649092,-53.639472398632144,100.0
83702.21700491,34.749694749694754,-67.61658031088083,43.64381956649092,-53.54176844162188,100.0
83702.250399779,34.749694749694754,-67.61658031088083,43.64381956649092,-53.54176844162188,100.0
83702.284237691,34.749694749694754,-67.61658031088083,43.64381956649092,-53.54176844162188,100.0
83702.31772165,34.749694749694754,-67.61658031088083,43.64381956649092,-53.54176844162188,100.0
83702.351232551,34.749694749694754,-67.61658031088083,43.64381956649092,-53.54176844162188,100.0
83702.384824035,34.749694749694754,-67.61658031088083,43.64381956649092,-53.54176844162188,100.0
83702.418214487,34.749694749694754,-67.61658031088083,43.64381956649092,-53.49291646311676,100.0
83702.451628116,34.749694749694754,-67.61658031088083,43.64381956649092,-53.44406448461162,100.0
83702.48511152,34.749694749694754,-67.61658031088083,43.64381956649092,-53.395212506106496,100.0
83702.518503822,34.749694749694754,-67.61658031088083,43.64381956649092,-53.395212506106496,100.0
83702.552135087,34.749694749694754,-67.61658031088083,43.64381956649092,-53.395212506106496,100.0
83702.585697948,34.749694749694754,-67.61658031088083,43.64381956649092,-53.395212506106496,100.0
83702.619205371,34.749694749694754,-67.61658031088083,43.64381956649092,-53.395212506106496,100.0
83702.652597948,34.749694749694754,-67.61658031088083,43.64381956649092,-53.395212506106496,100.0
83702.686172558,34.749694749694754,-67.61658031088083,43.64381956649092,-53.395212506106496,100.0
83702.719567478,34.749694749694754,-67.61658031088083,43.64381956649092,-53.395212506106496,100.0
83702.752966952,34.749694749694754,-67.61658031088083,43.64381956649092,-53.395212506106496,100.0
83702.786359514,34.749694749694754,-67.61658031088083,43.64381956649092,-53.395212506106496,100.0
83702.819904012,34.749694749694754,-67.61658031088083,43.64381956649092,-53.395212506106496,100.0
83702.853307371,34.749694749694754,-67.61658031088083,43.64381956649092,-53.395212506106496,100.0
83702.88691555,34.749694749694754,-67.61658031088083,43.64381956649092,-53.395212506106496,100.0
83702.920311797,34.749694749694754,-67.61658031088083,43.64381956649092,-53.395212506106496,100.0
83702.953799209,34.749694749694754,-67.61658031088083,43.64381956649092,-53.395212506106496,100.0
83702.987199925,34.749694749694754,-67.61658031088083,43.64381956649092,-53.395212506106496,100.0
83703.020676127,34.749694749694754,-67.61658031088083,43.64381956649092,-53.395212506106496,100.0
83703.054115951,34.749694749694754,-67.61658031088083,43.64381956649092,-53.395212506106496,100.0
